First Name,Last Name,Gender,Age
Diego,Owen,Male,63
Lucia,Fleming,Female,31
Pedro,Morrison,Male,45
Gloria,Diaz,Female,32
Omar,Singh,Male,17
Raul,Garcia,Male,10
Iris,Owen,Female,23
Ava,Chung,Female,18
Iris,Parker,Female,15
Daphne,Patterson,Female,8
Nina,Das,Female,42
Omar,Reyes,Male,21
Luciano,Das,Male,23
Malia,Gonzalez,Female,37
Jennifer,Kelly,Female,43
Fernando,Wang,Male,11
Ayla,Reed,Female,15
Emmanuel,Kennedy,Male,18
Daphne,Ward,Female,11
Victoria,Liu,Female,55
Valeria,Phillips,Female,14
Keisha,Gonzalez,Female,5
Emma,Mitchell,Female,24
Jesus,Kim,Male,64
Diana,Ross,Female,16
Elijah,Parker,Male,38
Mia,Rivera,Female,44
Marcus,Myers,Male,43
Eduardo,Ali,Male,21
Raj,Parker,Male,12
Santiago,Singh,Male,50
Jasmine,Mason,Female,25
Isabella,Reyes,Female,40
Oscar,Gonzales,Male,30
Jasmine,Coleman,Female,4
Luisa,Ramirez,Female,23
Laila,Lewis,Female,29
Kali,Wallace,Female,40
Kiara,Long,Female,36
Mohammad,Butler,Male,51
Alma,Baldwin,Female,7
Emma,Collins,Female,50
Oliver,Baker,Male,57
Ray,Vega,Male,16
Keisha,Stone,Female,18
Luis,Kelly,Male,23
Carlos,Clark,Male,23
Jesus,Hall,Male,32
Mei,Hoffman,Female,25
Giovanni,Sanders,Male,41
Jalen,Walker,Male,20
Ray,Singh,Male,57
Susan,Parker,Female,21
Ruby,Gupta,Female,55
Linda,Miller,Female,44
Ethan,Li,Male,58
Rosa,Chung,Female,40
Emily,Ali,Female,27
Gabriela,Ward,Female,13
John,Lewis,Male,55
Omar,Yang,Male,20
Andres,Scott,Male,36
Carlos,Washington,Male,42
Arjun,Jones,Male,18
Oscar,Mendez,Male,55
Isaac,Hall,Male,28
Calvin,Morrison,Male,65
Jorge,Washington,Male,13
Camila,Young,Female,6
Imran,Murphy,Male,32
Kali,Alexander,Female,56
Paloma,Moore,Female,48
Gloria,Rivera,Female,45
Tyler,Torres,Male,11
Emily,Young,Female,47
Imran,Richardson,Male,34
Luciano,Hart,Male,18
Paola,Ramos,Female,17
Jennifer,Lawson,Female,19
Armando,Edwards,Male,7
Armando,Jones,Male,31
Leila,Kelly,Female,25
James,Wallace,Male,6
Akira,Campbell,Male,49
Emily,Ward,Female,35
Jorge,Mitchell,Male,10
Jesus,Nguyen,Male,29
Ana,Ruiz,Female,27
Savannah,Nguyen,Female,4
Tara,Mehta,Female,42
Jackson,Rogers,Male,11
Marisol,Simmons,Female,19
Malcolm,Rogers,Male,54
Francisco,Ramirez,Male,34
Sarah,Bryant,Female,5
Felix,Morris,Male,42
Giovanni,Coleman,Male,44
Nyla,Chung,Female,36
Monica,Rivera,Female,44
Genesis,Maldonado,Female,45
Lily,Peterson,Female,11
Arjun,Morgan,Male,14
Jade,Butler,Female,53
Jalen,Turner,Male,46
Victor,Bailey,Male,55
Emmanuel,Le,Male,16
Amara,Howard,Female,18
Savannah,Xiao,Female,27
Scarlett,Evans,Female,33
Isla,Martinez,Female,27
Leo,Foster,Male,24
Hassan,Jenkins,Male,22
Brianna,Johnson,Female,27
Akira,Fleming,Male,6
Harvey,Hall,Male,65
Eduardo,Price,Male,16
Linda,Woods,Female,31
Miguel,Fernandez,Male,44
Arjun,Chavez,Male,30
Mei,Martinez,Female,44
William,Alexander,Male,8
Jesus,Walker,Male,57
Camila,Turner,Female,13
Samantha,Mitchell,Female,16
Chloe,Rivera,Female,25
Jamari,Singh,Male,19
Cesar,Bailey,Male,25
Maria,Woods,Female,13
Giovanni,Mehta,Male,27
Imran,Sullivan,Male,47
Rosa,Wood,Female,15
Ravi,Bell,Male,38
Hassan,Reed,Male,5
Ana,Stone,Female,59
Imani,Cox,Female,5
Diana,Peterson,Female,19
Ali,Wood,Male,15
Iris,Richardson,Female,18
Harvey,Woods,Male,12
Victor,Gonzalez,Male,63
Fatima,Bryant,Female,11
Ruth,Long,Female,22
Savannah,Stewart,Female,28
Imran,Powell,Male,45
Miranda,Scott,Female,18
Sofia,Hernandez,Female,12
Fatima,Singh,Female,35
Aisha,Graham,Female,17
Hassan,Barnes,Male,60
Elizabeth,Murphy,Female,16
Miranda,Foster,Female,5
Imani,Morris,Female,6
Eduardo,Chung,Male,11
Emma,Zhang,Female,47
Sebastian,Barrett,Male,38
Chloe,Long,Female,18
Oliver,Watson,Male,16
Nyla,Mendez,Female,27
Paola,Hernandez,Female,59
Ana,Evans,Female,45
Oliver,Maldonado,Male,58
Victor,Russell,Male,29
Mohammed,Cooper,Male,29
DeShawn,Wilson,Male,6
Miranda,Stewart,Female,7
Enrique,Ross,Male,13
Pedro,Reyes,Male,43
Yumi,Wilson,Female,22
Sebastian,Barrett,Male,18
Valeria,Das,Female,11
Zara,Johnson,Female,10
Miguel,Lopez,Male,57
Leo,Vega,Male,53
Tamara,Baldwin,Female,13
Mary,Jones,Female,34
Nina,Perez,Female,30
Eduardo,Mitchell,Male,23
Ruth,Hayes,Female,55
Linda,Peterson,Female,28
Mohammed,Foster,Male,64
Daphne,Owen,Female,32
Kwame,James,Male,23
Serena,Kaur,Female,63
Gabriel,Reyes,Male,5
Siddharth,Ramirez,Male,57
Jade,Parker,Female,16
Victoria,Wright,Female,38
Liam,Alexander,Male,54
Valentina,Bell,Female,10
Sandra,Jones,Female,64
Aisha,Torres,Female,43
Patricia,Allen,Female,15
Ahmed,Barnes,Male,35
James,Zhang,Male,61
Marco,Turner,Male,23
Valeria,McCarthy,Female,26
Akira,Hall,Male,22
Omar,Hudson,Male,16
Connor,Griffin,Male,46
Oscar,Li,Male,33
Samantha,Lawson,Female,47
Gloria,Howard,Female,44
Naomi,Simmons,Female,38
Sarah,Wang,Female,32
Miguel,Jones,Male,65
Ayla,Cook,Female,27
Robert,Hart,Male,6
Oscar,Butler,Male,48
Ali,Bishop,Male,45
Javier,Richardson,Male,25
Kwame,Brown,Male,29
Mia,Lopez,Female,60
David,Li,Male,33
Calvin,Mitchell,Male,5
Nia,Lewis,Female,4
Linda,Wright,Female,13
Diego,Kelly,Male,25
Fernando,Kim,Male,34
Jin,Patel,Male,59
Selena,Patterson,Female,19
Akira,Hamilton,Male,29
Ray,Roberts,Male,23
Liam,Wallace,Male,28
Amara,Ramirez,Female,39
Ana,Stewart,Female,49
Luisa,Davis,Female,45
David,West,Male,20
Anaya,Chung,Female,59
Terrence,Jenkins,Male,13
Mei,Morgan,Female,22
Paloma,Taylor,Female,6
Imran,Torres,Male,20
Ana,Rodriguez,Female,4
Luis,Scott,Male,35
Jin,Morris,Male,22
Brianna,Hoffman,Female,50
Chloe,Mendez,Female,21
Scarlett,Wright,Female,21
Anaya,Parker,Female,16
Mateo,Gonzalez,Male,24
Felix,Rodriguez,Male,20
Nyla,Kim,Female,54
Ava,Russell,Female,41
Ruby,Perez,Female,6
Imani,Xiao,Female,9
Carlos,Bell,Male,47
Nathan,Tran,Male,46
Raj,Baldwin,Male,9
Emily,Hernandez,Female,8
Malcolm,Morris,Male,27
Calvin,Freeman,Male,54
Jorge,Fleming,Male,64
Imran,Murphy,Male,19
Carmen,Ramos,Female,64
Amara,Patel,Female,20
Yasmin,Rivera,Female,48
Raj,Singh,Male,56
Hugo,Bailey,Male,5
Kali,Chang,Female,19
Isaac,Lewis,Male,40
Katherine,Ellis,Female,29
David,Ford,Male,39
Juan,Malik,Male,59
Monica,Cooper,Female,8
Akira,Edwards,Male,35
Esther,Barrett,Female,34
Robert,Stone,Male,20
Ayla,James,Female,28
Barbara,Griffin,Female,18
Selena,Ruiz,Female,25
Kali,Ward,Female,15
Jasmine,Reyes,Female,57
Giovanni,Baldwin,Male,36
Wyatt,Freeman,Male,63
Sebastian,Chavez,Male,36
Susan,Torres,Female,41
Cecilia,Graham,Female,62
Raul,Yang,Male,46
Marco,Rivera,Male,51
Nina,Kaur,Female,51
Isla,Hayes,Female,15
Tariq,Griffin,Male,27
Emmanuel,Lawson,Male,10
Gabriel,Alexander,Male,7
Alberto,Lawson,Male,29
Gabriela,Gonzalez,Female,30
Daisy,Fleming,Female,51
Maria,Hughes,Female,43
Elizabeth,Tran,Female,18
Mei,Young,Female,9
Amir,Das,Male,34
Lily,Yang,Female,54
DeShawn,Singh,Male,41
Carlos,Flores,Male,18
Jesus,Wallace,Male,62
Darnell,Lewis,Male,31
Imran,Yang,Male,31
Malcolm,Li,Male,42
Anaya,Davis,Female,21
Mariana,Rogers,Female,64
Luis,Fernandez,Male,38
Isaac,Ward,Male,12
Valentina,Gonzalez,Female,58
Armando,Flores,Male,26
Leo,Patel,Male,64
Mohammed,Maldonado,Male,23
Marcus,Hassan,Male,62
Daisy,Perry,Female,18
Omar,Perry,Male,14
Sebastian,Mason,Male,48
Sandra,Foster,Female,26
Hannah,Garcia,Female,19
Giovanni,McCarthy,Male,41
Ji-Hye,Barrett,Female,58
Emma,Gray,Female,19
Brianna,Roberts,Female,16
Malia,Jacobs,Female,36
Linda,Fleming,Female,48
Giovanni,Lopez,Male,50
Karen,Xiao,Female,34
Gloria,Xiao,Female,36
Angela,Washington,Female,24
Raj,Murphy,Male,38
Pedro,Moore,Male,54
Tariq,Nelson,Male,44
Ahmed,Parker,Male,37
Miguel,Li,Male,12
Bruno,Ramos,Male,34
Susan,Malik,Female,22
Imran,Singh,Male,54
Julia,Brown,Female,28
Terrence,Mendez,Male,43
Isla,Evans,Female,11
Emmanuel,Perez,Male,5
Taylor,Chung,Female,14
Katherine,Vargas,Female,9
Paloma,Malik,Female,44
David,McCarthy,Male,64
Liam,Romero,Male,35
Jessica,Wang,Female,15
Emmanuel,Tran,Male,44
Isla,Washington,Female,61
Miguel,Gonzalez,Male,6
Michael,Griffin,Male,28
William,Rivera,Male,51
Calvin,Jacobs,Male,61
Emma,Singh,Female,8
Noah,Reed,Male,63
Gloria,Wang,Female,27
Imani,Jones,Female,60
Tariq,Das,Male,51
Javier,Hudson,Male,18
Mia,Garcia,Female,29
Sarah,Brooks,Female,46
Sophia,Kennedy,Female,56
Mia,Baker,Female,16
Omar,Watson,Male,37
Jennifer,Russell,Female,34
John,Hassan,Male,40
Mary,Woods,Female,37
Carmen,Rodriguez,Female,51
Sarah,Carter,Female,6
Adrian,Ramirez,Male,53
Gloria,Russell,Female,60
Daisy,Cook,Female,5
Zara,Diaz,Female,32
Omar,Fleming,Male,20
Mohammed,Gupta,Male,49
Jennifer,Morgan,Female,46
Francisco,Baker,Male,49
Elijah,Morgan,Male,38
Emily,Torres,Female,9
Paola,Lawson,Female,49
Taylor,Collins,Female,25
Miguel,Yang,Male,58
Ruth,Gray,Female,22
Amir,Bell,Male,32
Imani,James,Female,24
Jamari,Reed,Male,65
Santiago,Lewis,Male,59
Ruth,Yang,Female,50
Mei,West,Female,57
Tamara,Vega,Female,28
Imran,Lewis,Male,59
Bruno,Fernandez,Male,19
Elijah,Yang,Male,12
Sandra,Mitchell,Female,15
Akira,Barnes,Male,45
Brianna,Campbell,Female,11
Adrian,Wilson,Male,37
Marco,James,Male,53
Mariana,Hughes,Female,49
Kenji,Morgan,Male,61
Hassan,James,Male,4
Ruby,Phillips,Female,15
Ravi,Lawson,Male,27
Miguel,Barrett,Male,45
Tamara,Johnson,Female,64
Naomi,Mitchell,Female,44
Iris,Ramirez,Female,59
Malia,Woods,Female,7
Anaya,King,Female,49
Alberto,Hassan,Male,54
Raj,Diaz,Male,48
Keisha,Flores,Female,46
Sandra,Stewart,Female,37
Genesis,Moore,Female,12
Pedro,Perez,Male,45
Victor,Evans,Male,36
Anaya,Stone,Female,55
Mina,Williams,Female,4
Diego,James,Male,32
Jackson,Nelson,Male,9
Carlos,Kelly,Male,18
Emma,Sanchez,Female,59
Sakura,Stone,Female,14
Sophia,Ramirez,Female,28
Juan,Cooper,Male,52
Ana,Perez,Female,9
Valeria,Reyes,Female,43
Camila,Kennedy,Female,24
Yasmin,Reyes,Female,18
Sofia,McCarthy,Female,33
Oliver,Mitchell,Male,12
Genesis,Simmons,Female,46
Calvin,Baker,Male,17
Carolina,Garcia,Female,29
Paola,Graham,Female,25
Alma,Cook,Female,58
Jessica,Lewis,Female,64
Joseph,Phillips,Male,39
Ruth,Romero,Female,43
Paloma,Roy,Female,13
Elena,Wood,Female,44
Hannah,Fernandez,Female,29
Brianna,Watson,Female,25
Paloma,Moore,Female,65
Luis,King,Male,57
Nina,Turner,Female,23
Lily,Moore,Female,48
Harvey,Rivera,Male,39
Francisco,Howard,Male,4
Emmanuel,Mendez,Male,22
Gloria,Patel,Female,13
Clara,Peterson,Female,13
Luciano,Woods,Male,36
Susan,Perez,Female,51
Linda,Torres,Female,53
Hannah,Clark,Female,14
Mohammed,Davis,Male,56
Esther,Chung,Female,4
Mateo,Richardson,Male,56
DeShawn,Russell,Male,30
Gabriela,Allen,Female,53
Jamari,Wang,Male,26
Karen,Griffin,Female,28
Sarah,Rogers,Female,61
Malia,Moore,Female,48
Taylor,Fisher,Female,49
Scarlett,Brown,Female,59
Elijah,Malik,Male,50
Francisco,Torres,Male,19
Isabella,Baker,Female,20
Victor,Ford,Male,34
Cecilia,Henderson,Female,23
Ahmed,Kelly,Male,17
DeShawn,Smith,Male,38
Raul,Ramirez,Male,39
John,Li,Male,47
Hannah,Rodriguez,Female,33
Laila,Graham,Female,8
Paola,Moore,Female,52
Andres,Wright,Male,29
DeShawn,Maldonado,Male,5
Layla,Wallace,Female,49
Kali,Rogers,Female,11
Sophia,Wang,Female,16
Harvey,Hamilton,Male,12
John,Wood,Male,64
Sofia,Romero,Female,23
Joseph,Gupta,Male,55
Layla,Gonzales,Female,32
Camila,Brown,Female,34
Ayla,Maldonado,Female,10
Carlos,Woods,Male,64
Emma,Ross,Female,28
Mina,Rivera,Female,19
Amara,Chung,Female,24
Nathan,Garcia,Male,49
Iris,Mehta,Female,16
Felix,Li,Male,64
Fernando,Owen,Male,49
Ahmed,Brooks,Male,57
Tamara,Singh,Female,51
Kyung,Carter,Male,10
Amara,Graham,Female,36
Lily,Rodriguez,Female,53
Scarlett,Liu,Female,18
Miranda,Singh,Female,21
Jessica,Murphy,Female,41
Michael,Li,Male,61
Karen,Chung,Female,20
Karen,Adams,Female,59
Lucia,Hoffman,Female,18
Yumi,Patterson,Female,51
Pedro,Williams,Male,28
Maria,Brown,Female,60
Marco,Martinez,Male,36
Harvey,Peterson,Male,19
Ayla,Washington,Female,55
Angela,Butler,Female,12
Paloma,Hayes,Female,45
Naomi,Adams,Female,30
Naomi,Kaur,Female,35
Naomi,Turner,Female,32
Ivy,Fernandez,Female,59
Javier,Gonzales,Male,21
Felix,Cooper,Male,41
Pedro,Reed,Male,63
Bruno,Morrison,Male,26
Brianna,Fisher,Female,46
Kyung,Bishop,Male,10
Arjun,Vega,Male,64
Raul,Sullivan,Male,22
Joseph,Lewis,Male,31
Wyatt,Nguyen,Male,32
Ava,Johnson,Female,54
Esther,Reed,Female,36
Emily,Liu,Female,24
Miguel,Liu,Male,30
Mia,Wang,Female,12
Victor,Ali,Male,61
Richard,Adams,Male,29
Jesus,Rivera,Male,59
Yumi,Miller,Female,4
Camila,Rivera,Female,59
Patricia,Nelson,Female,61
Jalen,Malik,Male,6
Tyler,Moore,Male,54
Juan,Bell,Male,41
Cecilia,Le,Female,47
Isla,Collins,Female,47
Angela,Morris,Female,10
Richard,Williams,Male,34
Emmanuel,Henderson,Male,35
Esther,Fernandez,Female,56
Sophia,Scott,Female,22
Mateo,Taylor,Male,15
Samantha,Carter,Female,24
Ahmed,Maldonado,Male,43
Kali,Cooper,Female,15
DeShawn,Cook,Male,15
Lily,Sharma,Female,61
Harvey,Kelly,Male,4
Carlos,King,Male,44
Carlos,Stewart,Male,20
Kenji,Jacobs,Male,42
Isabella,Baldwin,Female,21
Miguel,Ross,Male,18
Adrian,Ross,Male,17
Sebastian,Brooks,Male,27
Miguel,Roy,Male,56
Javier,Lewis,Male,48
Paola,Le,Female,32
Imani,Wilson,Female,18
Daisy,Kennedy,Female,42
Victoria,Hamilton,Female,6
Luis,Vega,Male,65
Kenji,Roy,Male,60
Luis,Morrison,Male,36
Chang,Graham,Male,58
Jessica,Hart,Female,5
Hannah,Hart,Female,22
Gloria,Sullivan,Female,54
Patricia,Wallace,Female,43
Marisol,Vargas,Female,20
Elijah,Wright,Male,56
Mateo,Powell,Male,15
Cesar,Freeman,Male,35
Darnell,Bishop,Male,35
Liam,Gray,Male,17
Sarah,Bryant,Female,7
Maria,Fisher,Female,8
Gabriel,Stewart,Male,57
Sakura,Young,Female,10
Isla,Washington,Female,34
Bruno,Hernandez,Male,61
Patricia,Collins,Female,27
Lucia,Hall,Female,25
Ruth,Vargas,Female,46
Gabriel,Simmons,Male,24
Wyatt,Peterson,Male,54
Chang,Fisher,Male,7
Genesis,King,Female,41
Marco,Singh,Male,52
Serena,Simmons,Female,47
Amir,Coleman,Male,35
Ahmed,Liu,Male,48
Laila,Rogers,Female,13
Ruth,Kaur,Female,46
David,Morgan,Male,62
Fatima,Singh,Female,13
Barbara,Ramirez,Female,7
Jade,Hassan,Female,18
Carlos,Collins,Male,44
Kali,Taylor,Female,38
Patricia,Lewis,Female,22
Miguel,Bailey,Male,25
Mateo,Alexander,Male,8
Raj,Fisher,Male,41
Wyatt,Brown,Male,33
Jesus,Bell,Male,55
Mohammad,Lawson,Male,8
Ahmed,Nelson,Male,24
Jade,Washington,Female,57
Daphne,Wilson,Female,52
Ana,Williams,Female,35
Aisha,Chavez,Female,42
Melanie,Singh,Female,22
Brianna,Jacobs,Female,21
Marco,Washington,Male,18
Linda,Wallace,Female,17
Clara,Russell,Female,24
Mariana,Johnson,Female,48
Monica,West,Female,30
Nyla,Ramirez,Female,22
Julia,Richardson,Female,54
Alberto,Hall,Male,9
Sonia,Barrett,Female,61
Yumi,Smith,Female,64
Javier,Williams,Male,59
Marco,Wang,Male,46
Anaya,James,Female,62
Sonia,Edwards,Female,46
Jin,Hassan,Male,44
Nathan,Martinez,Male,13
Noah,Reyes,Male,39
Emmanuel,Martinez,Male,50
Zara,Gray,Female,57
Francisco,Perry,Male,54
Selena,Cooper,Female,9
Ji-Hye,Scott,Female,32
Anaya,Torres,Female,17
Gloria,Ford,Female,20
Daphne,Maldonado,Female,31
Malcolm,Butler,Male,47
William,Romero,Male,60
Imani,Russell,Female,4
Marisol,Sanders,Female,46
David,Wright,Male,60
Giovanni,Price,Male,55
Akira,Das,Male,58
Emma,Murphy,Female,6
Ethan,Hart,Male,60
Andre,Tran,Male,20
David,Hughes,Male,64
Emily,Price,Female,64
Kenji,Wilson,Male,36
Luis,Patel,Male,11
Orlando,Rodriguez,Male,63
Tara,Baldwin,Female,14
Juan,Mehta,Male,38
Hugo,Scott,Male,65
Jessica,Roberts,Female,9
Chang,Gray,Male,45
Melanie,Alexander,Female,31
Mohammed,King,Male,20
Michael,Ruiz,Male,4
Luisa,Mehta,Female,39
Connor,Kim,Male,41
Carmen,Ellis,Female,16
Miguel,Rivera,Male,42
Javier,Rodriguez,Male,51
Valeria,King,Female,59
Sarah,McCarthy,Female,50
Daisy,Taylor,Female,38
Nyla,Morgan,Female,20
Fatima,Williams,Female,20
Alma,Xiao,Female,53
Paola,Roy,Female,62
Harvey,Ramirez,Male,30
Arjun,Watson,Male,35
Connor,Adams,Male,31
Mary,Powell,Female,45
Leo,Barrett,Male,14
Rosa,Ali,Female,9
Diana,Singh,Female,30
Tyler,Gupta,Male,12
Paloma,Roberts,Female,58
Alexis,Bryant,Female,16
Mohammad,Alexander,Male,26
Ava,Ramos,Female,58
Ali,Scott,Male,44
Adrian,Price,Male,4
Malia,Barrett,Female,44
Maria,Rogers,Female,31
James,Johnson,Male,15
Zara,Turner,Female,58
Calvin,Graham,Male,55
Ali,Gray,Male,60
Mei,Walker,Female,61
Miranda,Jenkins,Female,5
Alma,Chung,Female,12
Santiago,Hart,Male,61
Elijah,Stone,Male,46
Yumi,Morris,Female,41
Malcolm,Ramirez,Male,41
Iris,Brown,Female,46
Camila,Chung,Female,6
Isaac,Adams,Male,38
Francisco,Singh,Male,27
Adrian,Mason,Male,12
Mohammed,Jenkins,Male,17
Miranda,Cox,Female,6
Gloria,Clark,Female,9
Akira,Morgan,Male,5
Michael,Vega,Male,51
Noah,Wright,Male,36
Isla,Lawson,Female,16
Adrian,Lopez,Male,48
Harvey,Alexander,Male,30
Elijah,Ramos,Male,54
Pedro,Jacobs,Male,43
Liam,Ramos,Male,36
Luciano,Baker,Male,4
Bruno,Chang,Male,16
John,Le,Male,13
Luisa,Maldonado,Female,17
Cecilia,Price,Female,42
Joseph,Gonzalez,Male,50
Arjun,Miller,Male,21
Tyrone,Gonzalez,Male,43
Miguel,Evans,Male,61
Daphne,Parker,Female,21
Iris,Bennett,Female,24
Adriana,Washington,Female,7
Oscar,Cook,Male,18
Valentina,Rivera,Female,52
Oliver,Kim,Male,63
Carmen,Simmons,Female,60
Tyler,Chung,Male,20
Linda,Campbell,Female,21
Elijah,Cooper,Male,52
Richard,Ruiz,Male,60
Tamara,Ward,Female,64
Esther,Mitchell,Female,43
Barbara,Barrett,Female,49
Malia,Morrison,Female,11
Emma,Gonzalez,Female,22
Connor,Mendez,Male,40
Emmanuel,Woods,Male,13
Francisco,Brown,Male,47
Nyla,Wilson,Female,62
Mina,Fisher,Female,18
Tara,Ali,Female,40
Cesar,Lopez,Male,41
Gloria,Barrett,Female,51
Michael,Perez,Male,14
Emmanuel,Taylor,Male,21
Elijah,Lopez,Male,7
Cesar,Simmons,Male,25
Harvey,Hughes,Male,19
Joseph,Taylor,Male,51
Ivy,Parker,Female,5
Francisco,Rodriguez,Male,11
Angela,Allen,Female,34
Marcus,Yang,Male,27
Nina,Brown,Female,41
Leo,Taylor,Male,37
Marco,Singh,Male,45
Tyler,Martinez,Male,56
Luis,Baker,Male,39
Monica,Liu,Female,24
Ahmed,Reed,Male,4
Kenji,Myers,Male,59
Alyssa,Roy,Female,11
Francisco,Wood,Male,8
Emmanuel,Mason,Male,20
David,Johnson,Male,59
Jin,Edwards,Male,4
Esther,Ford,Female,13
Raul,Morgan,Male,56
Jennifer,Garcia,Female,59
Elizabeth,Hughes,Female,18
Valeria,Romero,Female,35
Anaya,Wilson,Female,20
Savannah,Gonzalez,Female,37
Akira,Mason,Male,6
Kali,James,Female,30
Savannah,Ramirez,Female,49
Terrence,Hernandez,Male,11
Cesar,Nelson,Male,26
Victoria,King,Female,24
Keisha,Wilson,Female,4
Imran,Yang,Male,18
Savannah,Stewart,Female,37
Ruby,Moore,Female,38
Ariana,McCarthy,Female,35
Raul,Roy,Male,20
Imran,Rodriguez,Male,53
Jin,Le,Male,7
Kwame,Jones,Male,18
Samantha,Miller,Female,51
Kyung,Li,Male,8
Yasmin,Bell,Female,15
Arjun,Diaz,Male,42
Andres,Wright,Male,18
Luciano,Rogers,Male,64
Francisco,Maldonado,Male,10
Victor,Hoffman,Male,34
Zara,Morris,Female,51
Scarlett,McCarthy,Female,26
Hassan,Russell,Male,21
Oscar,Lawson,Male,26
Camila,Wang,Female,37
Terrence,Maldonado,Male,6
Jorge,Vargas,Male,17
Enrique,Foster,Male,32
Sarah,Barnes,Female,54
Luis,Gonzales,Male,41
Richard,Butler,Male,26
Mariana,Ruiz,Female,10
Karen,Reed,Female,56
Michael,Wright,Male,17
Patricia,Hart,Female,46
Mohammad,Nguyen,Male,27
Ji-Hye,Brown,Female,53
Miguel,Mitchell,Male,59
Ayla,Murphy,Female,45
Oscar,Bell,Male,64
Serena,Ramirez,Female,51
Yumi,Young,Female,58
Savannah,Hughes,Female,50
Eduardo,Ramirez,Male,45
Jessica,Bell,Female,14
Luciano,Alexander,Male,53
Ali,Jones,Male,49
Luis,Wood,Male,7
Ayla,Griffin,Female,9
Sarah,Campbell,Female,19
Oliver,Miller,Male,63
Mary,Martinez,Female,6
Arjun,Nelson,Male,43
Barbara,Ruiz,Female,22
Sandra,Morris,Female,35
Ethan,Powell,Male,60
Iris,Richardson,Female,5
Eduardo,Lopez,Male,40
Ivy,Walker,Female,53
Leila,Young,Female,40
Paola,Clark,Female,15
Bruno,Murphy,Male,54
Isla,Cook,Female,65
Jin,Lewis,Male,54
Savannah,Reyes,Female,64
Mateo,James,Male,52
Yasmin,Maldonado,Female,13
Yumi,Perry,Female,53
Omar,Chung,Male,26
Anaya,Wallace,Female,53
Arjun,King,Male,5
Marisol,Vargas,Female,58
Diana,King,Female,42
Rosa,Cooper,Female,51
Tamara,Chung,Female,33
Alexis,Liu,Female,62
Yumi,Myers,Female,29
Noah,Russell,Male,16
Isabella,Williams,Female,13
Ray,Martinez,Male,45
Marcus,Carter,Male,35
Isla,Lewis,Female,28
Emily,Kim,Female,19
Mina,Ramos,Female,30
Trey,Price,Male,58
Trey,Graham,Male,42
Chang,Jacobs,Male,61
Julia,Hassan,Female,64
Ray,Baldwin,Male,29
John,Fernandez,Male,18
Harvey,Edwards,Male,10
Omar,Mendez,Male,59
Jackson,Barrett,Male,64
Elijah,Chung,Male,59
Ruby,Phillips,Female,30
Jackson,Reyes,Male,40
Zara,Liu,Female,40
Susan,Williams,Female,56
Harvey,Jacobs,Male,44
Felix,Rivera,Male,23
Carlos,Morrison,Male,6
Daisy,Woods,Female,9
Cecilia,Hall,Female,21
Wyatt,Mehta,Male,63
Lily,Price,Female,48
Giovanni,Baldwin,Male,54
Ravi,Diaz,Male,40
Mohammad,Morris,Male,62
Mary,Peterson,Female,15
Sophia,Brooks,Female,55
Santiago,Gonzalez,Male,65
Amara,Ruiz,Female,6
Mia,Gupta,Female,20
Terrence,Fisher,Male,58
Richard,Kaur,Male,48
Jade,Ramos,Female,65
Mohammad,Walker,Male,21
Kiara,Martinez,Female,17
Santiago,Sanchez,Male,60
Omar,Cook,Male,11
DeShawn,Ruiz,Male,8
Keisha,Alexander,Female,20
Ji-Hye,Morgan,Female,31
Jalen,Richardson,Male,40
Ethan,Simmons,Male,63
Arjun,Lewis,Male,34
Marcus,Wood,Male,26
Terrence,Washington,Male,48
Mateo,Bailey,Male,47
Francisco,Young,Male,27
Ray,Cooper,Male,23
Selena,Smith,Female,18
Genesis,Mitchell,Female,13
Hassan,Richardson,Male,19
Tyrone,Campbell,Male,14
Yasmin,West,Female,12
Siddharth,Clark,Male,48
Fernando,Sharma,Male,53
Carmen,Ramirez,Female,35
Arjun,West,Male,18
Emily,Zhang,Female,5
Tyrone,Evans,Male,38
Selena,Hoffman,Female,35
Tyrone,Hamilton,Male,27
Isaac,Brooks,Male,10
Malcolm,Carter,Male,58
Valentina,Barrett,Female,36
Valeria,Hassan,Female,40
Carmen,Hudson,Female,13
Kali,Mehta,Female,22
Omar,Long,Male,41
Aisha,Sharma,Female,14
Francisco,Murphy,Male,47
Sakura,Li,Female,12
Ayla,Ruiz,Female,63
James,Walker,Male,28
Susan,Roberts,Female,46
Giovanni,Hassan,Male,58
Nina,Powell,Female,65
Jorge,Davis,Male,29
Tyrone,Howard,Male,47
Clara,Ford,Female,51
Terrence,Barnes,Male,14
Emma,Cook,Female,10
Sonia,Rivera,Female,60
Samantha,Chavez,Female,51
Gloria,Howard,Female,6
Tara,Edwards,Female,64
Ava,Bryant,Female,59
Selena,Jones,Female,57
Carlos,Taylor,Male,37
Chang,Powell,Male,6
Ruby,Turner,Female,60
Ava,Morrison,Female,43
Tara,Ruiz,Female,42
Richard,Ramirez,Male,47
Valentina,Walker,Female,15
Richard,Gonzales,Male,6
Linda,Evans,Female,53
Oscar,Vargas,Male,20
Alyssa,Lawson,Female,52
Patricia,Baldwin,Female,28
Hannah,Walker,Female,30
Elena,Mitchell,Female,22
Layla,King,Female,33
Naomi,Rodriguez,Female,6
Julia,Sharma,Female,54
Barbara,Vega,Female,57
Clara,Reyes,Female,21
Malia,Stone,Female,50
Alexis,Das,Female,43
Diana,Ellis,Female,16
Jade,Vega,Female,27
Jin,Hughes,Male,45
Juan,Jones,Male,18
Mohammad,Gupta,Male,50
Jin,Gray,Male,59
Ahmed,Long,Male,12
Diego,Ramirez,Male,43
Lily,Ellis,Female,17
Leila,Simmons,Female,53
Emily,Parker,Female,15
Arjun,Johnson,Male,46
Sakura,Ramirez,Female,54
Akira,Gonzalez,Male,39
Henry,Ellis,Male,50
Gabriela,Vargas,Female,47
Andres,Tran,Male,51
Imani,Gonzales,Female,35
Imani,Wood,Female,60
