First Name,Last Name,Gender,Age
John,Brown,Male,4
Patricia,Miller,Female,59
William,Miller,Male,36
Robert,Moore,Male,44
Barbara,Miller,Female,41
Joseph,Smith,Male,55
Susan,Johnson,Female,32
Thomas,Moore,Male,17
Michael,Moore,Male,6
Thomas,Johnson,Male,25
Robert,Moore,Male,58
Charles,Wilson,Male,7
Linda,Brown,Female,39
Barbara,Taylor,Female,37
David,Wilson,Male,34
Joseph,Miller,Male,39
Susan,Johnson,Female,30
Robert,Davis,Male,14
Richard,Davis,Male,63
William,Davis,Male,19
Karen,Davis,Female,49
Susan,Brown,Female,16
Michael,Smith,Male,29
Barbara,Davis,Female,12
William,Wilson,Male,46
Charles,Taylor,Male,55
Michael,Wilson,Male,64
Linda,Williams,Female,21
Michael,Wilson,Male,27
William,Davis,Male,26
Thomas,Davis,Male,55
Robert,Wilson,Male,54
Robert,Davis,Male,20
Robert,Johnson,Male,52
Patricia,Wilson,Female,63
Barbara,Davis,Female,33
William,Moore,Male,61
Robert,Jones,Male,44
Elizabeth,Miller,Female,59
Jessica,Smith,Female,26
Jennifer,Johnson,Female,60
Linda,Taylor,Female,8
Michael,Johnson,Male,60
Michael,Jones,Male,32
Patricia,Smith,Female,47
Richard,Williams,Male,24
Sarah,Smith,Female,48
Richard,Williams,Male,55
Patricia,Moore,Female,29
John,Taylor,Male,46
Thomas,Davis,Male,42
David,Smith,Male,6
Richard,Brown,Male,33
John,Smith,Male,6
James,Taylor,Male,34
Linda,Williams,Female,52
Karen,Brown,Female,51
Elizabeth,Johnson,Female,46
David,Brown,Male,51
John,Smith,Male,51
Michael,Williams,Male,25
David,Moore,Male,6
Joseph,Davis,Male,11
Jessica,Davis,Female,10
Jennifer,Davis,Female,36
William,Brown,Male,29
Robert,Wilson,Male,18
Robert,Jones,Male,8
Mary,Brown,Female,40
Richard,Davis,Male,30
Richard,Brown,Male,31
John,Davis,Male,40
Elizabeth,Jones,Female,58
William,Jones,Male,14
Barbara,Smith,Female,48
Thomas,Johnson,Male,14
Jessica,Moore,Female,19
Karen,Miller,Female,14
William,Williams,Male,29
Sarah,Moore,Female,5
Patricia,Davis,Female,21
Jennifer,Moore,Female,16
Jessica,Taylor,Female,46
Elizabeth,Johnson,Female,52
Barbara,Smith,Female,43
Barbara,Jones,Female,6
Barbara,Williams,Female,22
Joseph,Johnson,Male,65
Linda,Brown,Female,36
James,Taylor,Male,28
David,Smith,Male,22
Sarah,Davis,Female,8
Mary,Miller,Female,39
Jessica,Smith,Female,41
John,Brown,Male,28
John,Moore,Male,34
Elizabeth,Jones,Female,50
Mary,Miller,Female,64
Robert,Williams,Male,53
Barbara,Smith,Female,56
Elizabeth,Jones,Female,40
Sarah,Johnson,Female,65
Patricia,Miller,Female,34
Mary,Johnson,Female,34
Jessica,Smith,Female,50
Michael,Davis,Male,39
Sarah,Davis,Female,59
Jennifer,Jones,Female,54
Richard,Moore,Male,14
Michael,Brown,Male,65
Charles,Brown,Male,19
Robert,Miller,Male,28
James,Taylor,Male,19
James,Davis,Male,4
Jessica,Miller,Female,51
Thomas,Smith,Male,9
Susan,Wilson,Female,31
Thomas,Wilson,Male,56
Joseph,Davis,Male,11
Thomas,Brown,Male,52
Linda,Moore,Female,4
Michael,Smith,Male,22
Charles,Brown,Male,45
Robert,Williams,Male,65
Robert,Jones,Male,7
Barbara,Miller,Female,6
Barbara,Williams,Female,46
Richard,Williams,Male,53
William,Taylor,Male,60
Thomas,Williams,Male,35
Charles,Wilson,Male,61
Michael,Brown,Male,32
Sarah,Davis,Female,55
Barbara,Smith,Female,36
Patricia,Taylor,Female,62
Joseph,Miller,Male,16
Patricia,Taylor,Female,6
Jennifer,Jones,Female,11
Joseph,Johnson,Male,21
Thomas,Johnson,Male,4
Karen,Wilson,Female,22
Susan,Jones,Female,65
David,Jones,Male,42
Charles,Jones,Male,21
Michael,Taylor,Male,46
David,Jones,Male,55
Barbara,Taylor,Female,36
John,Miller,Male,57
Jennifer,Miller,Female,20
John,Moore,Male,25
Richard,Williams,Male,48
Linda,Jones,Female,48
David,Wilson,Male,50
Barbara,Taylor,Female,60
Linda,Taylor,Female,37
Richard,Jones,Male,35
Michael,Williams,Male,38
Joseph,Wilson,Male,41
David,Taylor,Male,26
Joseph,Moore,Male,47
Jennifer,Johnson,Female,32
John,Brown,Male,5
Susan,Moore,Female,4
William,Johnson,Male,29
David,Taylor,Male,27
John,Brown,Male,6
Robert,Brown,Male,33
Susan,Wilson,Female,51
Thomas,Johnson,Male,29
Barbara,Brown,Female,10
Patricia,Wilson,Female,36
Linda,Taylor,Female,55
Elizabeth,Taylor,Female,7
Charles,Taylor,Male,15
Thomas,Jones,Male,62
Robert,Moore,Male,29
Joseph,Williams,Male,41
Patricia,Taylor,Female,8
Susan,Moore,Female,18
Richard,Johnson,Male,49
Thomas,Williams,Male,53
John,Miller,Male,16
Mary,Brown,Female,61
Karen,Wilson,Female,9
Michael,Jones,Male,21
Robert,Wilson,Male,19
James,Wilson,Male,61
Joseph,Wilson,Male,43
Barbara,Moore,Female,35
Karen,Smith,Female,45
Susan,Wilson,Female,12
Jennifer,Johnson,Female,11
James,Taylor,Male,52
Charles,Jones,Male,4
Mary,Miller,Female,10
Thomas,Johnson,Male,5
Jessica,Miller,Female,41
Barbara,Jones,Female,27
Thomas,Miller,Male,56
Elizabeth,Davis,Female,45
Linda,Williams,Female,32
Barbara,Davis,Female,36
John,Miller,Male,21
Michael,Wilson,Male,49
John,Williams,Male,41
Richard,Taylor,Male,27
Thomas,Wilson,Male,57
Robert,Wilson,Male,65
Joseph,Wilson,Male,28
Barbara,Smith,Female,51
Jennifer,Brown,Female,24
Barbara,Moore,Female,31
James,Williams,Male,65
Mary,Williams,Female,58
Barbara,Smith,Female,17
Susan,Wilson,Female,4
Jennifer,Johnson,Female,38
Barbara,Brown,Female,29
Karen,Smith,Female,62
Richard,Smith,Male,51
William,Moore,Male,47
James,Wilson,Male,23
David,Williams,Male,32
Charles,Miller,Male,8
Barbara,Jones,Female,27
Jessica,Taylor,Female,63
John,Brown,Male,61
Linda,Miller,Female,18
Mary,Smith,Female,37
Susan,Miller,Female,43
Jennifer,Williams,Female,55
Thomas,Brown,Male,53
Barbara,Taylor,Female,32
James,Davis,Male,19
Joseph,Jones,Male,19
Thomas,Wilson,Male,6
Sarah,Wilson,Female,42
Karen,Smith,Female,37
Barbara,Johnson,Female,9
Thomas,Brown,Male,26
Thomas,Davis,Male,33
Elizabeth,Williams,Female,34
Patricia,Davis,Female,14
Patricia,Moore,Female,15
Linda,Taylor,Female,17
John,Smith,Male,44
Barbara,Johnson,Female,27
Patricia,Williams,Female,44
Susan,Miller,Female,33
James,Brown,Male,56
Linda,Taylor,Female,41
Mary,Wilson,Female,54
James,Taylor,Male,28
Susan,Brown,Female,8
Barbara,Williams,Female,50
Patricia,Williams,Female,62
Michael,Taylor,Male,63
Susan,Davis,Female,9
Mary,Wilson,Female,57
Jessica,Johnson,Female,49
David,Jones,Male,43
Patricia,Miller,Female,30
Mary,Jones,Female,37
Barbara,Wilson,Female,63
James,Moore,Male,19
Richard,Johnson,Male,32
Joseph,Davis,Male,60
Jessica,Smith,Female,21
Elizabeth,Miller,Female,22
Sarah,Williams,Female,26
Barbara,Johnson,Female,44
Susan,Williams,Female,13
Jessica,Taylor,Female,43
Jennifer,Johnson,Female,13
Thomas,Moore,Male,10
Susan,Williams,Female,27
Jennifer,Wilson,Female,17
William,Wilson,Male,43
Elizabeth,Johnson,Female,59
Thomas,Moore,Male,62
Thomas,Johnson,Male,4
Richard,Moore,Male,14
David,Brown,Male,28
Charles,Williams,Male,40
Robert,Davis,Male,32
Richard,Smith,Male,27
John,Jones,Male,23
Richard,Taylor,Male,43
Elizabeth,Wilson,Female,45
Charles,Williams,Male,47
Jennifer,Smith,Female,9
Richard,Moore,Male,41
Sarah,Williams,Female,12
Jennifer,Brown,Female,35
Richard,Williams,Male,59
Mary,Moore,Female,49
Linda,Davis,Female,59
Susan,Miller,Female,51
Robert,Wilson,Male,9
Susan,Wilson,Female,47
James,Johnson,Male,58
Jennifer,Johnson,Female,30
Elizabeth,Taylor,Female,50
Michael,Brown,Male,57
John,Johnson,Male,50
Barbara,Johnson,Female,48
Richard,Taylor,Male,38
John,Smith,Male,30
Jessica,Davis,Female,63
Barbara,Johnson,Female,62
Barbara,Wilson,Female,55
William,Moore,Male,19
Jessica,Moore,Female,58
Susan,Brown,Female,63
Richard,Smith,Male,43
Jessica,Johnson,Female,64
David,Jones,Male,44
Patricia,Moore,Female,12
Mary,Brown,Female,55
John,Brown,Male,56
Patricia,Miller,Female,56
Joseph,Williams,Male,63
Karen,Taylor,Female,55
Barbara,Moore,Female,48
Richard,Davis,Male,7
Jennifer,Smith,Female,56
Michael,Williams,Male,7
Charles,Taylor,Male,60
John,Taylor,Male,20
Jessica,Taylor,Female,41
Barbara,Jones,Female,20
Karen,Moore,Female,33
Karen,Brown,Female,37
Jessica,Johnson,Female,46
Susan,Brown,Female,33
Karen,Williams,Female,43
Michael,Smith,Male,45
Thomas,Moore,Male,49
Richard,Moore,Male,4
Elizabeth,Williams,Female,52
James,Johnson,Male,15
Susan,Johnson,Female,23
William,Moore,Male,9
Elizabeth,Johnson,Female,18
David,Wilson,Male,29
Linda,Smith,Female,22
Barbara,Wilson,Female,24
Linda,Wilson,Female,48
Barbara,Miller,Female,45
William,Johnson,Male,40
Jessica,Moore,Female,7
William,Wilson,Male,56
John,Brown,Male,63
David,Taylor,Male,57
William,Williams,Male,26
Karen,Jones,Female,19
Susan,Wilson,Female,31
Sarah,Miller,Female,4
John,Moore,Male,45
Karen,Brown,Female,28
Michael,Johnson,Male,30
Susan,Moore,Female,55
Karen,Brown,Female,36
Jennifer,Williams,Female,16
Linda,Moore,Female,43
David,Smith,Male,45
Susan,Johnson,Female,9
Michael,Johnson,Male,36
Jessica,Wilson,Female,62
Jennifer,Miller,Female,12
Patricia,Jones,Female,52
Jessica,Johnson,Female,32
John,Miller,Male,34
Mary,Davis,Female,44
Elizabeth,Davis,Female,43
Robert,Wilson,Male,20
Mary,Moore,Female,16
Robert,Smith,Male,28
Elizabeth,Wilson,Female,12
Jessica,Johnson,Female,56
Jennifer,Moore,Female,15
Patricia,Taylor,Female,44
Patricia,Jones,Female,26
Joseph,Moore,Male,35
Michael,Taylor,Male,36
Barbara,Taylor,Female,64
Patricia,Brown,Female,11
Jessica,Jones,Female,56
William,Davis,Male,18
Elizabeth,Miller,Female,5
Linda,Davis,Female,44
Susan,Wilson,Female,20
Thomas,Smith,Male,8
Jessica,Taylor,Female,8
Linda,Brown,Female,45
Mary,Taylor,Female,44
Elizabeth,Davis,Female,9
John,Jones,Male,22
Sarah,Moore,Female,40
Susan,Davis,Female,58
David,Williams,Male,49
Richard,Jones,Male,51
James,Davis,Male,5
David,Miller,Male,23
James,Smith,Male,43
Karen,Brown,Female,56
Linda,Johnson,Female,18
Jessica,Johnson,Female,17
Joseph,Williams,Male,34
Sarah,Smith,Female,31
Elizabeth,Davis,Female,11
Jessica,Jones,Female,42
Susan,Miller,Female,6
Elizabeth,Smith,Female,20
Charles,Wilson,Male,37
Karen,Johnson,Female,17
Susan,Taylor,Female,53
Richard,Williams,Male,49
Jennifer,Moore,Female,49
Sarah,Davis,Female,32
Elizabeth,Brown,Female,11
William,Davis,Male,42
Patricia,Johnson,Female,13
Patricia,Brown,Female,41
Barbara,Johnson,Female,6
Joseph,Taylor,Male,24
James,Brown,Male,9
Richard,Davis,Male,60
Linda,Brown,Female,63
Barbara,Jones,Female,6
Susan,Smith,Female,64
Michael,Smith,Male,41
Joseph,Wilson,Male,16
William,Smith,Male,17
Patricia,Miller,Female,12
Mary,Smith,Female,47
Thomas,Johnson,Male,22
Robert,Wilson,Male,43
Linda,Wilson,Female,30
John,Davis,Male,49
Jessica,Taylor,Female,54
David,Smith,Male,47
William,Smith,Male,47
Robert,Smith,Male,20
Linda,Brown,Female,33
John,Johnson,Male,63
Richard,Taylor,Male,49
Joseph,Jones,Male,53
Joseph,Wilson,Male,6
Robert,Jones,Male,50
Elizabeth,Brown,Female,22
Thomas,Jones,Male,47
Thomas,Moore,Male,55
Elizabeth,Taylor,Female,36
Elizabeth,Smith,Female,19
Susan,Miller,Female,38
Michael,Smith,Male,29
James,Williams,Male,4
Thomas,Jones,Male,48
Barbara,Miller,Female,27
Joseph,Moore,Male,49
Richard,Jones,Male,8
Karen,Johnson,Female,7
Mary,Smith,Female,59
Susan,Brown,Female,52
Mary,Johnson,Female,43
Linda,Johnson,Female,32
John,Davis,Male,36
Susan,Smith,Female,15
Sarah,Johnson,Female,4
John,Taylor,Male,46
Michael,Smith,Male,56
Sarah,Johnson,Female,42
Patricia,Wilson,Female,24
Jennifer,Moore,Female,54
William,Smith,Male,28
Jessica,Williams,Female,56
Patricia,Smith,Female,42
Charles,Taylor,Male,25
James,Miller,Male,19
Linda,Smith,Female,57
Susan,Taylor,Female,63
Karen,Miller,Female,15
Jennifer,Taylor,Female,19
David,Davis,Male,48
James,Brown,Male,56
Elizabeth,Smith,Female,14
Barbara,Smith,Female,27
Linda,Davis,Female,46
Michael,Taylor,Male,36
Susan,Taylor,Female,50
Richard,Taylor,Male,20
Elizabeth,Smith,Female,33
Michael,Brown,Male,32
Linda,Jones,Female,9
Susan,Moore,Female,9
Richard,Johnson,Male,31
Barbara,Williams,Female,26
Charles,Wilson,Male,31
Patricia,Johnson,Female,14
Thomas,Taylor,Male,62
Robert,Williams,Male,30
Thomas,Jones,Male,19
Elizabeth,Smith,Female,60
Jennifer,Williams,Female,13
Mary,Brown,Female,32
Richard,Johnson,Male,17
Barbara,Williams,Female,29
Charles,Moore,Male,32
Jennifer,Davis,Female,43
Charles,Taylor,Male,35
William,Jones,Male,50
Patricia,Williams,Female,40
Patricia,Taylor,Female,18
James,Smith,Male,9
Richard,Wilson,Male,22
Patricia,Brown,Female,63
David,Miller,Male,19
Jennifer,Davis,Female,17
John,Moore,Male,52
Richard,Smith,Male,61
Robert,Wilson,Male,4
Elizabeth,Miller,Female,54
Michael,Miller,Male,43
Susan,Wilson,Female,45
Barbara,Taylor,Female,34
Jessica,Johnson,Female,37
Charles,Brown,Male,13
Michael,Moore,Male,60
Charles,Johnson,Male,42
Jennifer,Smith,Female,59
Linda,Jones,Female,54
Charles,Johnson,Male,20
Elizabeth,Brown,Female,55
Sarah,Brown,Female,20
Robert,Wilson,Male,4
Elizabeth,Johnson,Female,31
Mary,Smith,Female,14
David,Taylor,Male,30
Elizabeth,Wilson,Female,42
John,Jones,Male,28
Linda,Jones,Female,60
Jessica,Taylor,Female,50
Robert,Miller,Male,45
Patricia,Brown,Female,38
Karen,Miller,Female,64
Elizabeth,Miller,Female,31
Patricia,Taylor,Female,20
Michael,Taylor,Male,47
Elizabeth,Wilson,Female,9
James,Davis,Male,14
Sarah,Brown,Female,17
Joseph,Jones,Male,62
Karen,Miller,Female,40
Sarah,Taylor,Female,47
Jennifer,Brown,Female,55
Mary,Williams,Female,51
Joseph,Miller,Male,39
Jennifer,Miller,Female,15
Joseph,Moore,Male,13
Joseph,Johnson,Male,61
Joseph,Moore,Male,45
Elizabeth,Davis,Female,15
William,Brown,Male,32
Sarah,Wilson,Female,16
Susan,Moore,Female,4
William,Moore,Male,36
Michael,Johnson,Male,8
Jessica,Wilson,Female,51
Jennifer,Taylor,Female,17
William,Smith,Male,19
Charles,Williams,Male,27
Thomas,Wilson,Male,34
Elizabeth,Smith,Female,56
Michael,Wilson,Male,57
William,Taylor,Male,25
Richard,Williams,Male,19
Karen,Miller,Female,35
James,Jones,Male,37
Richard,Wilson,Male,56
Joseph,Johnson,Male,5
James,Johnson,Male,47
Robert,Jones,Male,15
David,Brown,Male,36
Linda,Taylor,Female,54
Jennifer,Miller,Female,57
Joseph,Taylor,Male,60
Robert,Wilson,Male,64
Barbara,Williams,Female,36
Michael,Johnson,Male,31
Linda,Brown,Female,56
Richard,Miller,Male,11
James,Brown,Male,38
Jennifer,Williams,Female,64
David,Wilson,Male,37
Susan,Davis,Female,38
Richard,Miller,Male,27
Michael,Moore,Male,17
Richard,Wilson,Male,33
William,Jones,Male,6
Charles,Taylor,Male,60
James,Taylor,Male,5
Karen,Taylor,Female,47
Jessica,Brown,Female,36
Susan,Brown,Female,63
Susan,Wilson,Female,31
Jennifer,Taylor,Female,17
James,Moore,Male,18
Mary,Miller,Female,62
Susan,Moore,Female,59
Elizabeth,Williams,Female,58
James,Williams,Male,63
Joseph,Taylor,Male,49
Mary,Moore,Female,55
William,Wilson,Male,50
Sarah,Wilson,Female,18
Jessica,Smith,Female,35
Jennifer,Smith,Female,40
James,Smith,Male,34
Mary,Johnson,Female,63
Thomas,Smith,Male,4
Jessica,Smith,Female,7
Jessica,Wilson,Female,9
Patricia,Jones,Female,63
Jessica,Taylor,Female,60
Sarah,Moore,Female,55
John,Davis,Male,61
Robert,Taylor,Male,41
Robert,Wilson,Male,64
Joseph,Moore,Male,5
Linda,Davis,Female,54
Jessica,Davis,Female,50
Richard,Brown,Male,28
Linda,Williams,Female,58
Sarah,Johnson,Female,56
Elizabeth,Miller,Female,31
Karen,Davis,Female,49
Mary,Taylor,Female,36
Patricia,Wilson,Female,31
Thomas,Taylor,Male,46
Jennifer,Jones,Female,16
Michael,Moore,Male,29
Joseph,Miller,Male,24
Thomas,Wilson,Male,57
Elizabeth,Johnson,Female,48
William,Taylor,Male,10
David,Brown,Male,53
Charles,Wilson,Male,36
Karen,Wilson,Female,63
Robert,Moore,Male,56
Jennifer,Miller,Female,65
Sarah,Brown,Female,55
Sarah,Moore,Female,29
Linda,Williams,Female,10
David,Davis,Male,56
Barbara,Jones,Female,52
Sarah,Jones,Female,54
Richard,Taylor,Male,53
Sarah,Taylor,Female,46
Karen,Taylor,Female,51
David,Brown,Male,4
Mary,Williams,Female,49
Karen,Williams,Female,39
Barbara,Moore,Female,15
William,Wilson,Male,64
Karen,Wilson,Female,51
Michael,Williams,Male,25
Charles,Moore,Male,9
Robert,Davis,Male,52
Susan,Wilson,Female,26
Richard,Taylor,Male,61
Mary,Williams,Female,45
David,Miller,Male,15
David,Williams,Male,55
David,Taylor,Male,10
Thomas,Moore,Male,39
Robert,Brown,Male,10
Elizabeth,Wilson,Female,53
Mary,Miller,Female,30
James,Smith,Male,44
Linda,Jones,Female,41
Patricia,Jones,Female,19
Charles,Johnson,Male,30
Joseph,Wilson,Male,59
Robert,Williams,Male,30
Charles,Wilson,Male,55
David,Moore,Male,24
Jennifer,Williams,Female,6
Robert,Moore,Male,54
Mary,Jones,Female,6
Karen,Davis,Female,59
Barbara,Wilson,Female,59
William,Taylor,Male,30
William,Wilson,Male,60
Robert,Smith,Male,55
James,Jones,Male,62
Robert,Johnson,Male,55
William,Brown,Male,38
Barbara,Miller,Female,43
Linda,Davis,Female,65
Robert,Brown,Male,62
Patricia,Jones,Female,45
Robert,Johnson,Male,15
William,Williams,Male,7
John,Johnson,Male,20
Michael,Davis,Male,43
Sarah,Williams,Female,38
Robert,Davis,Male,12
Thomas,Taylor,Male,22
Susan,Brown,Female,19
William,Miller,Male,39
James,Moore,Male,50
Richard,Miller,Male,28
Mary,Williams,Female,11
John,Williams,Male,35
William,Johnson,Male,52
James,Davis,Male,13
Elizabeth,Johnson,Female,48
Michael,Moore,Male,22
Patricia,Wilson,Female,62
Michael,Miller,Male,42
Thomas,Jones,Male,53
Richard,Wilson,Male,18
Susan,Davis,Female,8
Robert,Moore,Male,25
William,Wilson,Male,38
Joseph,Miller,Male,24
Jessica,Brown,Female,38
Jessica,Smith,Female,63
James,Brown,Male,20
John,Johnson,Male,22
Elizabeth,Wilson,Female,23
Susan,Johnson,Female,30
Jennifer,Moore,Female,51
Joseph,Wilson,Male,15
Jennifer,Williams,Female,22
Richard,Davis,Male,29
William,Miller,Male,7
Sarah,Williams,Female,64
Patricia,Johnson,Female,10
William,Davis,Male,41
Susan,Brown,Female,4
Robert,Brown,Male,23
Mary,Taylor,Female,42
Charles,Taylor,Male,26
Jessica,Brown,Female,26
Sarah,Wilson,Female,27
Susan,Moore,Female,14
David,Davis,Male,35
Mary,Brown,Female,54
Robert,Miller,Male,22
Michael,Wilson,Male,26
Michael,Davis,Male,28
David,Moore,Male,35
Charles,Williams,Male,62
James,Jones,Male,63
Patricia,Wilson,Female,14
Linda,Davis,Female,28
Susan,Jones,Female,23
James,Johnson,Male,5
Jessica,Johnson,Female,17
Jennifer,Jones,Female,23
Jennifer,Wilson,Female,28
Jennifer,Brown,Female,28
John,Johnson,Male,39
Karen,Brown,Female,19
Patricia,Taylor,Female,28
Michael,Moore,Male,46
Linda,Wilson,Female,38
Karen,Johnson,Female,11
Linda,Brown,Female,30
Sarah,Brown,Female,19
Barbara,Wilson,Female,47
Susan,Davis,Female,39
Thomas,Williams,Male,59
Richard,Miller,Male,63
Michael,Jones,Male,22
Sarah,Jones,Female,62
Joseph,Johnson,Male,60
Sarah,Taylor,Female,40
David,Wilson,Male,48
Charles,Wilson,Male,54
Karen,Wilson,Female,55
James,Smith,Male,44
Joseph,Jones,Male,57
Susan,Brown,Female,58
Robert,Jones,Male,37
William,Moore,Male,5
Elizabeth,Moore,Female,21
Jennifer,Johnson,Female,14
Joseph,Moore,Male,38
Thomas,Johnson,Male,34
Karen,Miller,Female,24
Karen,Wilson,Female,52
David,Smith,Male,34
James,Wilson,Male,55
Charles,Jones,Male,65
William,Johnson,Male,23
Sarah,Miller,Female,60
Patricia,Davis,Female,18
John,Jones,Male,33
Charles,Davis,Male,56
Sarah,Brown,Female,42
Karen,Brown,Female,17
Robert,Moore,Male,60
John,Williams,Male,34
Robert,Moore,Male,64
James,Wilson,Male,19
Richard,Taylor,Male,29
Charles,Davis,Male,47
Thomas,Williams,Male,59
Charles,Taylor,Male,39
John,Taylor,Male,53
Richard,Jones,Male,56
Sarah,Jones,Female,10
Linda,Smith,Female,8
Jessica,Miller,Female,15
Jessica,Williams,Female,45
Patricia,Jones,Female,39
Sarah,Davis,Female,34
John,Smith,Male,58
Robert,Williams,Male,58
Richard,Wilson,Male,16
Susan,Wilson,Female,39
Susan,Jones,Female,14
Sarah,Moore,Female,48
Jessica,Taylor,Female,26
William,Johnson,Male,44
David,Taylor,Male,31
Patricia,Williams,Female,33
Richard,Wilson,Male,29
Jennifer,Brown,Female,11
Robert,Taylor,Male,38
Richard,Moore,Male,15
Joseph,Wilson,Male,45
Karen,Johnson,Female,56
James,Moore,Male,43
Barbara,Wilson,Female,14
Linda,Williams,Female,10
Karen,Brown,Female,47
Jessica,Smith,Female,13
Mary,Brown,Female,26
William,Jones,Male,53
Elizabeth,Taylor,Female,35
Charles,Williams,Male,50
David,Taylor,Male,12
Mary,Moore,Female,10
John,Johnson,Male,39
Mary,Williams,Female,29
David,Moore,Male,44
Jennifer,Williams,Female,23
William,Davis,Male,36
Jessica,Smith,Female,11
Joseph,Johnson,Male,8
Jessica,Jones,Female,50
Patricia,Smith,Female,30
Michael,Miller,Male,42
Charles,Miller,Male,55
David,Miller,Male,8
Susan,Jones,Female,27
Mary,Miller,Female,48
Robert,Taylor,Male,29
Robert,Jones,Male,10
Jennifer,Jones,Female,47
Michael,Miller,Male,4
Robert,Moore,Male,25
Elizabeth,Jones,Female,59
Patricia,Wilson,Female,24
Elizabeth,Moore,Female,6
Thomas,Wilson,Male,42
Robert,Taylor,Male,22
Sarah,Taylor,Female,10
John,Brown,Male,9
Jennifer,Davis,Female,17
John,Moore,Male,27
Karen,Taylor,Female,30
Susan,Brown,Female,55
Robert,Taylor,Male,14
John,Jones,Male,23
John,Smith,Male,43
James,Davis,Male,52
John,Moore,Male,24
Barbara,Taylor,Female,33
Susan,Moore,Female,31
Elizabeth,Smith,Female,37
Karen,Moore,Female,38
Jessica,Miller,Female,46
Patricia,Moore,Female,19
Karen,Jones,Female,56
Charles,Johnson,Male,45
Susan,Wilson,Female,11
Joseph,Wilson,Male,38
Michael,Wilson,Male,34
Charles,Johnson,Male,27
Charles,Williams,Male,6
Elizabeth,Brown,Female,16
Linda,Williams,Female,38
Karen,Miller,Female,20
Richard,Johnson,Male,29
Charles,Brown,Male,25
Mary,Taylor,Female,34
Susan,Brown,Female,14
Patricia,Johnson,Female,58
Joseph,Davis,Male,50
Jessica,Brown,Female,22
Jennifer,Taylor,Female,62
Karen,Miller,Female,57
James,Brown,Male,53
Elizabeth,Jones,Female,34
Joseph,Wilson,Male,59
Jessica,Taylor,Female,48
Linda,Moore,Female,52
Patricia,Brown,Female,5
Charles,Taylor,Male,25
Elizabeth,Smith,Female,26
Jennifer,Miller,Female,34
Sarah,Davis,Female,63
Jennifer,Moore,Female,29
Karen,Smith,Female,25
Richard,Williams,Male,23
Richard,Brown,Male,38
Linda,Brown,Female,4
Karen,Johnson,Female,59
Charles,Miller,Male,6
Karen,Moore,Female,16
William,Smith,Male,15
Charles,Miller,Male,62
William,Smith,Male,51
Jessica,Brown,Female,57
William,Williams,Male,41
Patricia,Johnson,Female,16
Joseph,Brown,Male,13
Sarah,Davis,Female,25
Richard,Moore,Male,39
Jennifer,Smith,Female,41
Michael,Wilson,Male,35
Michael,Johnson,Male,15
Karen,Davis,Female,54
Charles,Miller,Male,51
Jennifer,Moore,Female,15
Jessica,Wilson,Female,28
Elizabeth,Williams,Female,27
Karen,Wilson,Female,10
Mary,Miller,Female,23
Thomas,Davis,Male,17
Jennifer,Moore,Female,39
Thomas,Jones,Male,28
Patricia,Moore,Female,45
Susan,Brown,Female,58
Barbara,Smith,Female,32
Robert,Smith,Male,32
Elizabeth,Taylor,Female,34
Karen,Jones,Female,60
Karen,Smith,Female,38
Elizabeth,Miller,Female,65
Richard,Johnson,Male,56
David,Johnson,Male,50
Mary,Davis,Female,12
Richard,Davis,Male,17
Robert,Miller,Male,28
Richard,Johnson,Male,36
Patricia,Moore,Female,49
James,Johnson,Male,59
Jessica,Miller,Female,40
Michael,Miller,Male,49
Linda,Davis,Female,12
Robert,Davis,Male,44
David,Brown,Male,15
Barbara,Jones,Female,39
Charles,Taylor,Male,26
Charles,Wilson,Male,24
Karen,Miller,Female,6
Linda,Miller,Female,15
Thomas,Johnson,Male,10
Linda,Jones,Female,4
Charles,Brown,Male,58
Linda,Davis,Female,32
Patricia,Davis,Female,61
Linda,Miller,Female,50
Thomas,Johnson,Male,56
David,Davis,Male,17
William,Davis,Male,63
Patricia,Wilson,Female,60
Michael,Miller,Male,24
Joseph,Johnson,Male,18
Patricia,Brown,Female,62
William,Johnson,Male,22
Patricia,Taylor,Female,36
Jennifer,Williams,Female,25
Patricia,Davis,Female,11
Joseph,Brown,Male,26
Patricia,Johnson,Female,9
David,Taylor,Male,59
Richard,Taylor,Male,22
Linda,Johnson,Female,19
Karen,Williams,Female,63
John,Davis,Male,52
Karen,Miller,Female,9
Elizabeth,Taylor,Female,65
Thomas,Miller,Male,9
